instance,n,time_limit,status,obj_value,solving_time
instance_20_1.dat,20,1,OPTIMAL,429.236,0.448622,0-12-14-16-9-3-17-13-7-15-2-8-6-1-18-11-10-19-4-5-0
instance_20_4.dat,20,1,OPTIMAL,471.405,0.324841,0-7-1-5-8-18-16-10-2-11-17-6-4-14-15-3-9-19-12-13-0
instance_20_3.dat,20,1,OPTIMAL,451.699,0.313075,0-14-8-16-13-18-1-17-9-5-19-2-11-10-15-6-3-4-12-7-0
instance_20_2.dat,20,1,OPTIMAL,444.603,0.52091,0-15-10-9-14-6-1-17-12-11-19-2-18-16-13-5-8-3-4-7-0
instance_20_5.dat,20,1,OPTIMAL,435.221,0.274737,0-18-17-15-3-13-16-14-10-2-8-4-9-6-5-1-11-7-12-19-0
