instance,n,time_limit,status,obj_value,solving_time
instance_30_2.dat,30,1,OPTIMAL,513.129,0.884817,0-10-8-18-15-20-7-29-25-23-21-9-12-3-5-6-19-2-13-11-16-24-22-26-1-28-27-14-4-17-0
instance_30_5.dat,30,1,TIME_LIMIT,555.863,1.01843,0-21-29-20-3-14-12-24-16-4-26-13-8-19-22-17-11-28-1-9-27-7-5-25-2-18-6-15-23-10-0
instance_30_5.dat,30,10,OPTIMAL,501.052,1.36678,0-21-22-19-13-8-17-11-28-1-9-27-23-15-6-18-2-25-5-7-26-4-16-24-12-14-3-20-29-10-0
instance_30_4.dat,30,1,TIME_LIMIT,525.466,1.01561,0-20-9-12-23-10-18-24-1-14-13-27-29-2-3-7-11-28-6-25-19-21-15-17-16-26-22-8-5-4-0
instance_30_4.dat,30,10,OPTIMAL,493.53,1.23403,0-4-15-21-19-3-7-11-28-6-25-17-12-9-23-16-26-5-8-22-27-29-2-13-14-1-24-18-10-20-0
instance_30_3.dat,30,1,OPTIMAL,496.506,0.9717,0-12-18-19-29-16-25-20-3-26-15-22-13-28-10-6-4-27-8-2-17-5-9-11-24-21-23-1-7-14-0
instance_30_1.dat,30,1,OPTIMAL,471.068,0.511647,0-13-22-25-7-12-15-3-8-28-5-6-24-26-16-9-10-23-21-20-29-2-14-11-4-19-18-17-1-27-0
