instance,n,obj_value,solving_time
instance_20_3.dat,20,459.566,8.242e-05,0-7-12-4-3-6-15-10-9-5-11-2-19-1-18-17-13-16-8-14-0
instance_20_4.dat,20,480.91,0.000102197,0-13-19-12-14-9-3-15-11-2-17-6-4-10-16-18-8-5-1-7-0
instance_20_5.dat,20,455.173,8.1569e-05,0-18-17-15-3-13-16-14-10-9-4-2-8-6-5-1-11-7-12-19-0
instance_20_2.dat,20,453.255,7.413e-05,0-7-15-4-3-8-5-13-10-9-16-18-2-19-11-12-14-6-17-1-0
instance_20_1.dat,20,431.554,0.000121894,0-12-14-9-3-16-17-13-7-15-2-8-6-10-1-18-11-19-4-5-0
